loss,mean_squared_error,mean_absolute_error,val_loss,val_mean_squared_error,val_mean_absolute_error
0.0034558453029262777,0.003455845173448324,0.04213748872280121,0.0034475441628459905,0.0034475442953407764,0.041474469006061554
0.0029433181118357897,0.002943318337202072,0.03888001665472984,0.003345071871955339,0.0033450720366090536,0.04072249308228493
0.0028227020011130726,0.0028227020520716906,0.03799193352460861,0.003352760824822507,0.003352761035785079,0.04117725417017937
0.0029440997472738,0.0029440997168421745,0.0385853610932827,0.0033031775492619085,0.003303177421912551,0.040259286761283875
