val_loss,val_mean_squared_error,val_mean_absolute_error,loss,mean_squared_error,mean_absolute_error
0.0036182032895034216,0.0036182032895034216,0.041499908023431495,0.004052381679560917,0.004052381679560917,0.04481137740631879
0.003226661579759021,0.003226661579759021,0.03859830104521624,0.0035393103688019815,0.0035393103688019815,0.041613121839256556
0.002855018731833297,0.002855018731833297,0.03706231317993947,0.003145334675717098,0.003145334675717098,0.03900101442490893
0.0026339198035374984,0.0026339198035374984,0.03539131498203657,0.0028337414053270856,0.0028337414053270856,0.03710792911125882
